{
  "intents": [
    {
      "triggerQueries": [
        "When are you closed",
        "When are you open",
        "Store hours",
        "Daily open hours"
      ],
      "dialogId": "new_topic_1768cf5b37fd438a8aaea5a8a2362766_33d5123770ba4daeafae51b361ddc80a",
      "isTriggeringEnabled": true,
      "id": "new_topic_1768cf5b37fd438a8aaea5a8a2362766_33d5123770ba4daeafae51b361ddc80a",
      "displayName": "Lesson 1 - A simple topic",
      "description": "Lesson 1 - This lesson will show you how you can create a simple topic with one conditional branch.\n\nOver the next few lessons, we will show how to add and define variables, conditions and entities.\n\nWelcome to Power Virtual Agents!",
      "createdTime": "2019-01-15T00:00:00Z",
      "updatedTime": "2022-04-22T18:52:45.4886403Z",
      "createdUserId": "user0",
      "updatedUserId": "35ae2206-2bb7-4b2a-ac2b-5e70f2a23f4a"
    }
  ],
  "dialogs": [
    {
      "rootNodeId": "e901982c-a22d-4074-b8c7-f7842977a047",
      "messageNodes": [
        {
          "botMessageId": "159e7c92-8871-41a0-a739-9f67085f995f",
          "nodeType": "BotMessageNode",
          "id": "e901982c-a22d-4074-b8c7-f7842977a047",
          "defaultTargetNodeId": "8bcaef5f-333e-4358-8ef8-49300dfd7060"
        },
        {
          "botMessageId": "614e2fa3-2cf0-42e3-a2eb-18f9fb274ee6",
          "nodeType": "BotMessageNode",
          "id": "1f6c0946-4d56-4714-96f5-15e2247e953b",
          "defaultTargetNodeId": "6e127cd1-99ff-4c5e-8f3e-9ae93c0d4777"
        },
        {
          "botMessageId": "2924ae92-5182-4eae-ace2-6b57643237f2",
          "nodeType": "BotMessageNode",
          "id": "8bcaef5f-333e-4358-8ef8-49300dfd7060",
          "defaultTargetNodeId": "1f6c0946-4d56-4714-96f5-15e2247e953b"
        }
      ],
      "dialogChangeNodes": [
        {
          "targetDialogId": "new_topic_1768cf5b37fd438a8aaea5a8a2362766_aeabea4d071f415c8c107e1cb7af5424_assumedsuccess",
          "nodeType": "DialogChangeNode",
          "id": "6e127cd1-99ff-4c5e-8f3e-9ae93c0d4777"
        }
      ],
      "id": "new_topic_1768cf5b37fd438a8aaea5a8a2362766_33d5123770ba4daeafae51b361ddc80a",
      "displayName": "Dialog",
      "createdTime": "2019-01-15T00:00:00Z",
      "updatedTime": "2022-04-22T18:52:45.4886403Z",
      "createdUserId": "user0",
      "updatedUserId": "35ae2206-2bb7-4b2a-ac2b-5e70f2a23f4a"
    }
  ],
  "botMessages": [
    {
      "channelContent": {
        "web": {
          "contentFormat": "Markdown",
          "content": "I'm happy to help with store hours."
        }
      },
      "id": "159e7c92-8871-41a0-a739-9f67085f995f",
      "createdTime": "2019-01-15T00:00:00Z",
      "updatedTime": "2022-04-22T18:50:28.7535348Z",
      "createdUserId": "user0",
      "updatedUserId": "35ae2206-2bb7-4b2a-ac2b-5e70f2a23f4a"
    },
    {
      "channelContent": {
        "web": {
          "contentFormat": "Markdown",
          "content": "The Redmond hours are:\n\n*   Mon-Fri: 9am to 6pm\n*   Sat: 10am to 4pm\n*   Sun: Closed\n\nThe Seattle hours are:\n\n*   Mon-Fri: 9am to 6pm\n*   Sat-Sun: 10am to 4pm"
        }
      },
      "id": "614e2fa3-2cf0-42e3-a2eb-18f9fb274ee6",
      "createdTime": "2019-10-24T04:02:13.435Z",
      "updatedTime": "2022-04-22T18:50:28.7535348Z",
      "createdUserId": "user0",
      "updatedUserId": "35ae2206-2bb7-4b2a-ac2b-5e70f2a23f4a"
    },
    {
      "channelContent": {
        "web": {
          "contentFormat": "Markdown",
          "content": "This is the Bot B"
        }
      },
      "id": "2924ae92-5182-4eae-ace2-6b57643237f2",
      "createdTime": "2022-04-22T18:52:37.212Z",
      "updatedTime": "2022-04-22T18:52:37.212Z",
      "createdUserId": "user-0",
      "updatedUserId": "user-0"
    }
  ]
}